Metric,Value
MAE,26176.366239837593
MSE,1132949859.3922417
R2,0.9235233268957324
